{
  "configVersion": 1,
  "timestamp": 1621915840586,
  "index": "/index.html",
  "assetGroups": [
    {
      "name": "app",
      "installMode": "prefetch",
      "updateMode": "prefetch",
      "cacheQueryOptions": {
        "ignoreVary": true
      },
      "urls": [
        "/1-es2015.e5a9245e81250e1fbf09.js",
        "/1-es5.e5a9245e81250e1fbf09.js",
        "/14-es2015.bd28c8c55e02620de0e4.js",
        "/14-es5.bd28c8c55e02620de0e4.js",
        "/15-es2015.378790e9d1d295254444.js",
        "/15-es5.378790e9d1d295254444.js",
        "/16-es2015.6b53480a7545d0407acb.js",
        "/16-es5.6b53480a7545d0407acb.js",
        "/17-es2015.77e9ab2e5ea5d2a51b32.js",
        "/17-es5.77e9ab2e5ea5d2a51b32.js",
        "/18-es2015.1a62d20b680173e2811b.js",
        "/18-es5.1a62d20b680173e2811b.js",
        "/19-es2015.477bfd5c8000ab97a60e.js",
        "/19-es5.477bfd5c8000ab97a60e.js",
        "/2-es2015.4c5ef1ed6bc8b0b40644.js",
        "/2-es5.4c5ef1ed6bc8b0b40644.js",
        "/20-es2015.b56ceec61c4e0c700721.js",
        "/20-es5.b56ceec61c4e0c700721.js",
        "/21-es2015.b34f1b1f4726824bbe3e.js",
        "/21-es5.b34f1b1f4726824bbe3e.js",
        "/22-es2015.29636609c77d286e54b9.js",
        "/22-es5.29636609c77d286e54b9.js",
        "/23-es2015.84a63a71cdb83bcacb68.js",
        "/23-es5.84a63a71cdb83bcacb68.js",
        "/24-es2015.258bee1ebc8a6e3353c5.js",
        "/24-es5.258bee1ebc8a6e3353c5.js",
        "/25-es2015.d00cd9614424bf805e97.js",
        "/25-es5.d00cd9614424bf805e97.js",
        "/26-es2015.1b577aa193692ede28d4.js",
        "/26-es5.1b577aa193692ede28d4.js",
        "/27-es2015.25c7a5f5d5a8ff5855eb.js",
        "/27-es5.25c7a5f5d5a8ff5855eb.js",
        "/28-es2015.cc1addb3b76f2c36bc8c.js",
        "/28-es5.cc1addb3b76f2c36bc8c.js",
        "/29-es2015.aac4084c2acd33f78063.js",
        "/29-es5.aac4084c2acd33f78063.js",
        "/30-es2015.4e1746d434d6ef3e995b.js",
        "/30-es5.4e1746d434d6ef3e995b.js",
        "/31-es2015.bcc739e00b580a44eb90.js",
        "/31-es5.bcc739e00b580a44eb90.js",
        "/32-es2015.a9b05df08440d0740224.js",
        "/32-es5.a9b05df08440d0740224.js",
        "/4-es2015.023060414b2ffc156050.js",
        "/4-es5.023060414b2ffc156050.js",
        "/5-es2015.cb867873014b327806cb.js",
        "/5-es5.cb867873014b327806cb.js",
        "/6-es2015.65871c6c872ddd0a3414.js",
        "/6-es5.65871c6c872ddd0a3414.js",
        "/7-es2015.e8d90ac36cd3124e923b.js",
        "/7-es5.e8d90ac36cd3124e923b.js",
        "/8-es2015.34564655064f67758ffd.js",
        "/8-es5.34564655064f67758ffd.js",
        "/9-es2015.9e93a2e6576c92472ba1.js",
        "/9-es5.9e93a2e6576c92472ba1.js",
        "/common-es2015.6d2dd130cbe0d5d779a3.js",
        "/common-es5.6d2dd130cbe0d5d779a3.js",
        "/favicon.ico",
        "/index.html",
        "/main-es2015.9921031d5f1cc0484ab5.js",
        "/main-es5.9921031d5f1cc0484ab5.js",
        "/manifest.webmanifest",
        "/polyfills-es2015.e64cfc78e971814c9570.js",
        "/polyfills-es5.61a4886a3af8d92a1111.js",
        "/runtime-es2015.a344e1174db4c1f8e3fb.js",
        "/runtime-es5.a344e1174db4c1f8e3fb.js",
        "/styles.a572ab19442352de87b2.css"
      ],
      "patterns": []
    },
    {
      "name": "assets",
      "installMode": "lazy",
      "updateMode": "prefetch",
      "cacheQueryOptions": {
        "ignoreVary": true
      },
      "urls": [
        "/assets/avatars/empty.png",
        "/assets/avatars/man.png",
        "/assets/avatars/no-image.png",
        "/assets/avatars/unknown.png",
        "/assets/avatars/unknown_img.png",
        "/assets/avatars/woman.png",
        "/assets/flags/-.png",
        "/assets/flags/Brasil.png",
        "/assets/flags/España.png",
        "/assets/flags/Estados Unidos.png",
        "/assets/flags/Spain.png",
        "/assets/flags/United States of America(USA).png",
        "/assets/flags/afghanistan arabic.png",
        "/assets/flags/africa south.png",
        "/assets/flags/albania shqiperia.png",
        "/assets/flags/algeria.png",
        "/assets/flags/and antigua barbuda.png",
        "/assets/flags/and caicos islands turks.png",
        "/assets/flags/and grenadines saint the vincent.png",
        "/assets/flags/and kitts nevis saint.png",
        "/assets/flags/and miquelon pierre saint.png",
        "/assets/flags/and principe sao tome.png",
        "/assets/flags/andorra.png",
        "/assets/flags/angola.png",
        "/assets/flags/anguilla.png",
        "/assets/flags/arab emirates united.png",
        "/assets/flags/arabia arabic saudi.png",
        "/assets/flags/argentina.png",
        "/assets/flags/armenia.png",
        "/assets/flags/azerbaijan.png",
        "/assets/flags/bahamas.png",
        "/assets/flags/bahrain.png",
        "/assets/flags/bangladesh.png",
        "/assets/flags/barbados.png",
        "/assets/flags/belarus.png",
        "/assets/flags/belize.png",
        "/assets/flags/benin.png",
        "/assets/flags/bhutan.png",
        "/assets/flags/bissau guinea.png",
        "/assets/flags/bolivia.png",
        "/assets/flags/botswana.png",
        "/assets/flags/brunei.png",
        "/assets/flags/bulgaria.png",
        "/assets/flags/burkina faso.png",
        "/assets/flags/burma.png",
        "/assets/flags/burundi.png",
        "/assets/flags/caledonia new.png",
        "/assets/flags/cambodia.png",
        "/assets/flags/cameroon.png",
        "/assets/flags/canada.png",
        "/assets/flags/cape verde.png",
        "/assets/flags/centralafricanrepublic.png",
        "/assets/flags/chad.png",
        "/assets/flags/chile.png",
        "/assets/flags/coast ivory.png",
        "/assets/flags/colombia.png",
        "/assets/flags/columbia district.png",
        "/assets/flags/comoros.png",
        "/assets/flags/congo.png",
        "/assets/flags/costa rica.png",
        "/assets/flags/cuba.png",
        "/assets/flags/cyprus.png",
        "/assets/flags/czech czech replublic republic.png",
        "/assets/flags/djibouti.png",
        "/assets/flags/dominica.png",
        "/assets/flags/dominican dominicana republic republica.png",
        "/assets/flags/ecuador.png",
        "/assets/flags/egypt.png",
        "/assets/flags/el salvador.png",
        "/assets/flags/equatorial guinea.png",
        "/assets/flags/eritrea.png",
        "/assets/flags/ethiopia.png",
        "/assets/flags/euro.png",
        "/assets/flags/european union.png",
        "/assets/flags/fiji.png",
        "/assets/flags/finland.png",
        "/assets/flags/francais france french saint.png",
        "/assets/flags/futuna wallis.png",
        "/assets/flags/gabon.png",
        "/assets/flags/gambia.png",
        "/assets/flags/georgia south.png",
        "/assets/flags/georgia.png",
        "/assets/flags/ghana.png",
        "/assets/flags/gibraltar.png",
        "/assets/flags/greenland.png",
        "/assets/flags/grenada.png",
        "/assets/flags/guam.png",
        "/assets/flags/guatemala.png",
        "/assets/flags/guinea new papua.png",
        "/assets/flags/guinea.png",
        "/assets/flags/guyana.png",
        "/assets/flags/haiti.png",
        "/assets/flags/helena saint.png",
        "/assets/flags/holy see.png",
        "/assets/flags/honduras.png",
        "/assets/flags/hungary.png",
        "/assets/flags/iceland.png",
        "/assets/flags/indonesia.png",
        "/assets/flags/iran irani persia.png",
        "/assets/flags/iraq.png",
        "/assets/flags/islands marshall.png",
        "/assets/flags/islands solomon.png",
        "/assets/flags/islands virgin.png",
        "/assets/flags/isle man of.png",
        "/assets/flags/israel.png",
        "/assets/flags/jan mayen.png",
        "/assets/flags/jarvis.png",
        "/assets/flags/jersey.png",
        "/assets/flags/jordan.png",
        "/assets/flags/kazakhstan.png",
        "/assets/flags/kenya.png",
        "/assets/flags/korea north.png",
        "/assets/flags/kuwait.png",
        "/assets/flags/kyrgyzstan.png",
        "/assets/flags/lanka sri.png",
        "/assets/flags/laos.png",
        "/assets/flags/latvia.png",
        "/assets/flags/leone sierra.png",
        "/assets/flags/lesotho.png",
        "/assets/flags/leste timor.png",
        "/assets/flags/liberia.png",
        "/assets/flags/libya.png",
        "/assets/flags/liechtenstein.png",
        "/assets/flags/lithuania.png",
        "/assets/flags/lucia saint.png",
        "/assets/flags/luxembourg.png",
        "/assets/flags/macau.png",
        "/assets/flags/madagascar.png",
        "/assets/flags/malawi.png",
        "/assets/flags/maldives.png",
        "/assets/flags/mali.png",
        "/assets/flags/malta.png",
        "/assets/flags/marino san.png",
        "/assets/flags/mauritania.png",
        "/assets/flags/mauritius.png",
        "/assets/flags/mayotte.png",
        "/assets/flags/mexico.png",
        "/assets/flags/micronesia.png",
        "/assets/flags/moldova.png",
        "/assets/flags/monaco.png",
        "/assets/flags/mongolia.png",
        "/assets/flags/montenegro.png",
        "/assets/flags/montserrat.png",
        "/assets/flags/morocco.png",
        "/assets/flags/mozambique.png",
        "/assets/flags/namibia.png",
        "/assets/flags/nauru.png",
        "/assets/flags/nepal.png",
        "/assets/flags/nicaragua.png",
        "/assets/flags/niger.png",
        "/assets/flags/nigeria.png",
        "/assets/flags/niue.png",
        "/assets/flags/oman.png",
        "/assets/flags/pakistan.png",
        "/assets/flags/palau.png",
        "/assets/flags/panama.png",
        "/assets/flags/paraguay.png",
        "/assets/flags/peru.png",
        "/assets/flags/puerto rico.png",
        "/assets/flags/qatar.png",
        "/assets/flags/republica dominicana.png",
        "/assets/flags/romania.png",
        "/assets/flags/rwanda.png",
        "/assets/flags/samoa.png",
        "/assets/flags/senegal.png",
        "/assets/flags/serbia.png",
        "/assets/flags/seychelles.png",
        "/assets/flags/slovakia.png",
        "/assets/flags/slovenia.png",
        "/assets/flags/somalia.png",
        "/assets/flags/sudan.png",
        "/assets/flags/suriname.png",
        "/assets/flags/svalbard.png",
        "/assets/flags/swaziland.png",
        "/assets/flags/syria.png",
        "/assets/flags/tajikistan.png",
        "/assets/flags/tanzania.png",
        "/assets/flags/togo.png",
        "/assets/flags/tokelau.png",
        "/assets/flags/tonga.png",
        "/assets/flags/tounis tunisia tunisie.png",
        "/assets/flags/trinidad and tobago.png",
        "/assets/flags/turkmenistan.png",
        "/assets/flags/tuvalu.png",
        "/assets/flags/ua ukraine.png",
        "/assets/flags/uganda.png",
        "/assets/flags/uruguay.png",
        "/assets/flags/usa.png",
        "/assets/flags/uzbekistan.png",
        "/assets/flags/vanuatu.png",
        "/assets/flags/venezuela.png",
        "/assets/flags/yemen.png",
        "/assets/flags/zambia.png",
        "/assets/flags/zimbabwe.png",
        "/assets/fonts/boxicons.eot",
        "/assets/fonts/boxicons.svg",
        "/assets/fonts/boxicons.ttf",
        "/assets/fonts/boxicons.woff",
        "/assets/fonts/boxicons.woff2",
        "/assets/fonts/dripicons-v2.eot",
        "/assets/fonts/dripicons-v2.svg",
        "/assets/fonts/dripicons-v2.ttf",
        "/assets/fonts/dripicons-v2.woff",
        "/assets/fonts/fa-brands-400.eot",
        "/assets/fonts/fa-brands-400.svg",
        "/assets/fonts/fa-brands-400.ttf",
        "/assets/fonts/fa-brands-400.woff",
        "/assets/fonts/fa-brands-400.woff2",
        "/assets/fonts/fa-regular-400.eot",
        "/assets/fonts/fa-regular-400.svg",
        "/assets/fonts/fa-regular-400.ttf",
        "/assets/fonts/fa-regular-400.woff",
        "/assets/fonts/fa-regular-400.woff2",
        "/assets/fonts/fa-solid-900.eot",
        "/assets/fonts/fa-solid-900.svg",
        "/assets/fonts/fa-solid-900.ttf",
        "/assets/fonts/fa-solid-900.woff",
        "/assets/fonts/fa-solid-900.woff2",
        "/assets/fonts/materialdesignicons-webfont.eot",
        "/assets/fonts/materialdesignicons-webfont.ttf",
        "/assets/fonts/materialdesignicons-webfont.woff",
        "/assets/fonts/materialdesignicons-webfont.woff2",
        "/assets/fonts/summernote.eot",
        "/assets/fonts/summernote.ttf",
        "/assets/fonts/summernote.woff",
        "/assets/i18n/de.json",
        "/assets/i18n/en.json",
        "/assets/i18n/es.json",
        "/assets/i18n/it.json",
        "/assets/i18n/ru.json",
        "/assets/icons/icon-128x128.png",
        "/assets/icons/icon-144x144.png",
        "/assets/icons/icon-152x152.png",
        "/assets/icons/icon-192x192.png",
        "/assets/icons/icon-384x384.png",
        "/assets/icons/icon-512x512.png",
        "/assets/icons/icon-72x72.png",
        "/assets/icons/icon-96x96.png",
        "/assets/images/404-error.png",
        "/assets/images/500-error.png",
        "/assets/images/brands/bitbucket.png",
        "/assets/images/brands/dribbble.png",
        "/assets/images/brands/dropbox.png",
        "/assets/images/brands/github.png",
        "/assets/images/brands/mail_chimp.png",
        "/assets/images/brands/slack.png",
        "/assets/images/coming-soon-img.png",
        "/assets/images/faqs-img.png",
        "/assets/images/favicon.ico",
        "/assets/images/flags/french.jpg",
        "/assets/images/flags/germany.jpg",
        "/assets/images/flags/italy.jpg",
        "/assets/images/flags/russia.jpg",
        "/assets/images/flags/select2/ak.png",
        "/assets/images/flags/select2/ca.png",
        "/assets/images/flags/select2/hi.png",
        "/assets/images/flags/select2/nv.png",
        "/assets/images/flags/select2/or.png",
        "/assets/images/flags/select2/wa.png",
        "/assets/images/flags/spain.jpg",
        "/assets/images/flags/us.jpg",
        "/assets/images/layouts/layout-1.jpg",
        "/assets/images/layouts/layout-2.jpg",
        "/assets/images/layouts/layout-3.jpg",
        "/assets/images/layouts/layout-4.png",
        "/assets/images/layouts/layout-5.png",
        "/assets/images/layouts/layout-6.png",
        "/assets/images/login-img.png",
        "/assets/images/logo-dark.png",
        "/assets/images/logo-light.png",
        "/assets/images/logo-sm.png",
        "/assets/images/maintenance.png",
        "/assets/images/product/img-1.png",
        "/assets/images/product/img-2.png",
        "/assets/images/product/img-3.png",
        "/assets/images/product/img-4.png",
        "/assets/images/product/img-5.png",
        "/assets/images/product/img-6.png",
        "/assets/images/register-img.png",
        "/assets/images/setup-analytics-amico.svg",
        "/assets/images/small/img-1.jpg",
        "/assets/images/small/img-2.jpg",
        "/assets/images/small/img-3.jpg",
        "/assets/images/small/img-4.jpg",
        "/assets/images/small/img-5.jpg",
        "/assets/images/small/img-6.jpg",
        "/assets/images/small/img-7.jpg",
        "/assets/images/users/avatar-1.jpg",
        "/assets/images/users/avatar-2.jpg",
        "/assets/images/users/avatar-3.jpg",
        "/assets/images/users/avatar-4.jpg",
        "/assets/images/users/avatar-5.jpg",
        "/assets/images/users/avatar-6.jpg",
        "/assets/images/users/avatar-7.jpg",
        "/assets/images/users/avatar-8.jpg",
        "/assets/images/winners-rafiki.svg",
        "/assets/img/Product_32px.png",
        "/assets/img/gallery/coming-soon.png",
        "/assets/img/gallery/dark-bg.jpg",
        "/assets/img/gallery/error.png",
        "/assets/img/gallery/forgot.png",
        "/assets/img/gallery/light-bg.jpg",
        "/assets/img/gallery/lock.png",
        "/assets/img/gallery/login.png",
        "/assets/img/gallery/maintenance.png",
        "/assets/img/gallery/register.png",
        "/assets/scss/_variables-dark.scss",
        "/assets/scss/_variables.scss",
        "/assets/scss/app-dark.scss",
        "/assets/scss/app.scss",
        "/assets/scss/bootstrap-dark.scss",
        "/assets/scss/bootstrap.scss",
        "/assets/scss/custom/components/_accordion.scss",
        "/assets/scss/custom/components/_alerts.scss",
        "/assets/scss/custom/components/_avatar.scss",
        "/assets/scss/custom/components/_backgrounds.scss",
        "/assets/scss/custom/components/_badge.scss",
        "/assets/scss/custom/components/_breadcrumb.scss",
        "/assets/scss/custom/components/_buttons.scss",
        "/assets/scss/custom/components/_card.scss",
        "/assets/scss/custom/components/_demos.scss",
        "/assets/scss/custom/components/_dropdown.scss",
        "/assets/scss/custom/components/_forms.scss",
        "/assets/scss/custom/components/_helper.scss",
        "/assets/scss/custom/components/_nav.scss",
        "/assets/scss/custom/components/_pagination.scss",
        "/assets/scss/custom/components/_preloader.scss",
        "/assets/scss/custom/components/_print.scss",
        "/assets/scss/custom/components/_progress.scss",
        "/assets/scss/custom/components/_reboot.scss",
        "/assets/scss/custom/components/_table.scss",
        "/assets/scss/custom/components/_waves.scss",
        "/assets/scss/custom/components/_widgets.scss",
        "/assets/scss/custom/fonts/_fonts.scss",
        "/assets/scss/custom/pages/_authentication.scss",
        "/assets/scss/custom/pages/_chat.scss",
        "/assets/scss/custom/pages/_coming-soon.scss",
        "/assets/scss/custom/pages/_ecommerce.scss",
        "/assets/scss/custom/pages/_email.scss",
        "/assets/scss/custom/pages/_extras-pages.scss",
        "/assets/scss/custom/pages/_timeline.scss",
        "/assets/scss/custom/plugins/_apexcharts.scss",
        "/assets/scss/custom/plugins/_bootstrap-touchspin.scss",
        "/assets/scss/custom/plugins/_calendar.scss",
        "/assets/scss/custom/plugins/_chartist.scss",
        "/assets/scss/custom/plugins/_colorpicker.scss",
        "/assets/scss/custom/plugins/_custom-scrollbar.scss",
        "/assets/scss/custom/plugins/_datatable.scss",
        "/assets/scss/custom/plugins/_datepicker.scss",
        "/assets/scss/custom/plugins/_form-editors.scss",
        "/assets/scss/custom/plugins/_form-upload.scss",
        "/assets/scss/custom/plugins/_form-wizard.scss",
        "/assets/scss/custom/plugins/_google-map.scss",
        "/assets/scss/custom/plugins/_icons.scss",
        "/assets/scss/custom/plugins/_owl-carousel.scss",
        "/assets/scss/custom/plugins/_parsley.scss",
        "/assets/scss/custom/plugins/_range-slider.scss",
        "/assets/scss/custom/plugins/_rating.scss",
        "/assets/scss/custom/plugins/_repeater.scss",
        "/assets/scss/custom/plugins/_responsive-table.scss",
        "/assets/scss/custom/plugins/_select2.scss",
        "/assets/scss/custom/plugins/_sweatalert2.scss",
        "/assets/scss/custom/plugins/_switch.scss",
        "/assets/scss/custom/plugins/_table-editable.scss",
        "/assets/scss/custom/plugins/_toastr.scss",
        "/assets/scss/custom/plugins/icons/_boxicons.scss",
        "/assets/scss/custom/plugins/icons/_dripicons.scss",
        "/assets/scss/custom/plugins/icons/_fontawesome-all.scss",
        "/assets/scss/custom/plugins/icons/_materialdesignicons.scss",
        "/assets/scss/custom/plugins/icons/_unicons.scss",
        "/assets/scss/custom/rtl/_bootstrap-rtl.scss",
        "/assets/scss/custom/rtl/_components-rtl.scss",
        "/assets/scss/custom/rtl/_float-rtl.scss",
        "/assets/scss/custom/rtl/_general-rtl.scss",
        "/assets/scss/custom/rtl/_pages-rtl.scss",
        "/assets/scss/custom/rtl/_plugins-rtl.scss",
        "/assets/scss/custom/rtl/_spacing-rtl.scss",
        "/assets/scss/custom/rtl/_structure-rtl.scss",
        "/assets/scss/custom/rtl/_text-rtl.scss",
        "/assets/scss/custom/structure/_footer.scss",
        "/assets/scss/custom/structure/_general.scss",
        "/assets/scss/custom/structure/_horizontal-nav.scss",
        "/assets/scss/custom/structure/_layouts.scss",
        "/assets/scss/custom/structure/_page-head.scss",
        "/assets/scss/custom/structure/_right-sidebar.scss",
        "/assets/scss/custom/structure/_topbar.scss",
        "/assets/scss/custom/structure/_vertical.scss",
        "/assets/scss/icons.scss",
        "/bar-hue.6501b4245688b16f370a.png",
        "/bar-saturation.dd067fc7419462a803da.png",
        "/boxicons.5e81160c5f41fcc12b38.svg",
        "/boxicons.6829ebb16362074c0c30.eot",
        "/boxicons.c6d7d0356c53c17d21be.woff2",
        "/boxicons.dcaf6a260cca4a061aff.woff",
        "/boxicons.e2ffa5b9254ec286b380.ttf",
        "/check_black.20b5d8a288625e7db649.png",
        "/check_disabled.151d69351ea499d93643.png",
        "/check_indeterminate_black.6c741c32f964c3451c81.png",
        "/check_indeterminate_disabled.9d57b9e7eb7ccb70e309.png",
        "/close.3a3d32773c7e60a9fee8.png",
        "/close_black.bb344e1e4c97c2c4096f.png",
        "/close_white.2653146f4d1b5d82095b.png",
        "/crosshair-white.b7d457e15ccc5424529d.png",
        "/crosshair.77eac4f899243142b4ee.png",
        "/drag.a657bcd50c7e72ec7dbc.png",
        "/dragcancel.e8d3368de9f2e3aed4a8.png",
        "/dripicons-v2.09c9c870ef8f9cffcc8f.ttf",
        "/dripicons-v2.4cecedd188b606da855d.svg",
        "/dripicons-v2.7f392f1e4787b46b3e8b.eot",
        "/dripicons-v2.f19dcc0358afed69d277.woff",
        "/error.7d55f698e82cef51e189.png",
        "/fa-brands-400.31015e861aeb30ff8355.woff2",
        "/fa-brands-400.3c45c98f6f6c1b009c08.svg",
        "/fa-brands-400.5818bbd07dfd7095920a.ttf",
        "/fa-brands-400.607a77859353c0cc1882.eot",
        "/fa-brands-400.ee26f57bc9e3619b022b.woff",
        "/fa-regular-400.0747be4cba2f8600544f.eot",
        "/fa-regular-400.8b892b7904a39e37c53d.woff",
        "/fa-regular-400.ab47faeab8ddc5f809ec.svg",
        "/fa-regular-400.c3146b3524e97475c094.ttf",
        "/fa-regular-400.c52405129ae48097815d.woff2",
        "/fa-solid-900.18df003f90a7f1313b98.svg",
        "/fa-solid-900.32267f3b4db33a7c85ee.ttf",
        "/fa-solid-900.7eefe04dc985dd4ad38b.eot",
        "/fa-solid-900.9451d5fee89b51a20f8a.woff2",
        "/fa-solid-900.a940d584750708f5435c.woff",
        "/filter.31af5202b48eb6f853f3.png",
        "/fontawesome-webfont.1e59d2330b4c6deb84b3.ttf",
        "/fontawesome-webfont.20fd1704ea223900efa9.woff2",
        "/fontawesome-webfont.8b43027f47b20503057d.eot",
        "/fontawesome-webfont.c1e38fd9e0e74ba58f7a.svg",
        "/fontawesome-webfont.f691f37e57f04c152e23.woff",
        "/html_editor.5187a9aa6b5bbbdcbbdb.png",
        "/html_editor_white.798272a592271ef5c5e7.png",
        "/icon-calendar-white.c404884a6bbac05937d3.png",
        "/icon-calendar.93a49c0dffcf0ae93019.png",
        "/icon-cancel-white.6a0f500a8efb6d3409c5.png",
        "/icon-cancel.896c335d7f8f067cd84e.png",
        "/icon-delete-white.be05386c79e377fce9ef.png",
        "/icon-delete.940067d55b5e2ceb451d.png",
        "/icon-down-white.dad951fdedc1f594d283.png",
        "/icon-down.065b4103f7b446cb4333.png",
        "/icon-edit-white.a66029b3c2c5c60f7f2a.png",
        "/icon-edit.4ca833df84d05c8fa413.png",
        "/icon-first.21e311078c462c80fc4e.png",
        "/icon-info-small.c69f70037a8e83cbdc88.png",
        "/icon-last.f8b0c54109a21bfd9f30.png",
        "/icon-left-white.63910243c00fd0d1abd2.png",
        "/icon-left.23e4665a427255f5eada.png",
        "/icon-menu-minimized-white.74a689abd6cb065735e8.png",
        "/icon-menu-minimized.a26d850375123885c2cc.png",
        "/icon-menu-small.9e961ae9019a773436fe.png",
        "/icon-plus-white.0ee32f46e768ed21873b.png",
        "/icon-plus.de5c444c713e1aead6d7.png",
        "/icon-recurrence-exception-white.3e3e867200cb2000fbd2.png",
        "/icon-recurrence-exception.95dec52352601492cec5.png",
        "/icon-recurrence-white.87bfa73f92f70ca6b329.png",
        "/icon-recurrence.a1d86a2688c1e756a183.png",
        "/icon-right-white.be5cd43c5ff9cd6ad7e6.png",
        "/icon-right.72c527107db175b3cac7.png",
        "/icon-save-white.880549122882cecac450.png",
        "/icon-save.fc4547d0ccb85d87171f.png",
        "/icon-showpassword.42739083a48a7aebef76.png",
        "/icon-sort-asc.775cd130a788bf173946.png",
        "/icon-sort-desc.036f049b4bef98347dfd.png",
        "/icon-sort-remove.21cf51e369b0bcb2fa83.png",
        "/icon-time-white.cb917f2da37c8efccf88.png",
        "/icon-time.27e6ea3eda511b1d2d69.png",
        "/icon-up-white.235f7723989770e2eba6.png",
        "/icon-up.53a2f75fc2acd349e4c2.png",
        "/icon_collapse.8959a0b75e70e3d60cea.png",
        "/icon_expand.e28dda8b625d042b1585.png",
        "/info.fa4b5ef2fb3d819ea695.png",
        "/jqx-icons.41de94d4c649d323b24a.woff",
        "/jqx-icons.5c3d9695232fe930f12b.eot",
        "/jqx-icons.5d8a6836cabf76ec1bc1.woff2",
        "/jqx-icons.7821f40ed0dc76c51c40.ttf",
        "/loader-small.fd6c47ae798c477868e9.gif",
        "/loader.81f014865c5800e76454.gif",
        "/mail.294ff219dac289f8a662.png",
        "/map-hue.4a1aa0a2976838835e84.png",
        "/map-saturation-overlay.d0ab86baef65d5137043.png",
        "/map-saturation.fe917d551acda3c42dd8.png",
        "/materialdesignicons-webfont.506bc8215df8660d8f04.ttf",
        "/materialdesignicons-webfont.52adde0de9840940801f.eot",
        "/materialdesignicons-webfont.6147fc3741c622c5de2c.woff2",
        "/materialdesignicons-webfont.d06df622bc47f0db9812.woff",
        "/multi-arrow.7797ae5b81b35231df9c.gif",
        "/pin.4b3b91f10f0e2548a935.png",
        "/pinned.1e1d3306dd19f0a3d103.png",
        "/plus.3cdd4385085ec2962fb9.png",
        "/plus_white.79169fb8be70d6c59772.png",
        "/pointer.89fe85b3fad51e732152.png",
        "/red_arrow_down.b12cc7259c2efbc3c901.png",
        "/red_arrow_up.28854ee1707e3ec69cd2.png",
        "/roundbg_check_black.3b7e6919f24245b442a7.png",
        "/roundbg_check_indeterminate.035a49eba9849cbf4c3e.png",
        "/roundbg_classic_normal.adbd872d95a100cf98c6.png",
        "/search.438f74bbb58cd031fd13.png",
        "/search_white.e158e4e41d44715a1d17.png",
        "/sortascbutton.5e895df5f6db1a31ce47.png",
        "/sortdescbutton.4e195ab1f5a4186eac9f.png",
        "/star.37b2cd9d5360df3855c3.png",
        "/star_disabled.222a4bdce93a1b7d4923.png",
        "/star_hover.16814292982413904971.png",
        "/stripes.72549d9d34ea9a272abc.png",
        "/success.3fa1b517fec117000c74.png",
        "/time.e9ddf10f7d0696c7d206.png",
        "/warning.578c356187ff1c09845d.png"
      ],
      "patterns": []
    }
  ],
  "dataGroups": [],
  "hashTable": {
    "/1-es2015.e5a9245e81250e1fbf09.js": "dfa37d727ee36a98d4be92a709b73200fbe74da7",
    "/1-es5.e5a9245e81250e1fbf09.js": "63c52e3188858a625aebf60dfc24df8f28cf0b5c",
    "/14-es2015.bd28c8c55e02620de0e4.js": "f8a5cfb428a9147ef6dcbac00802ea1c394db6f6",
    "/14-es5.bd28c8c55e02620de0e4.js": "c71876704dcb4e9e1b1b69cad01a27f27cf317a4",
    "/15-es2015.378790e9d1d295254444.js": "a9d5471fe80a1a3f594d4bccbff07d7337802c15",
    "/15-es5.378790e9d1d295254444.js": "ce81f291a1aa7bf4bf3734464bb17bae2cc407bb",
    "/16-es2015.6b53480a7545d0407acb.js": "a590223dcf304dfb1dd9e96455d3f1510ec847e6",
    "/16-es5.6b53480a7545d0407acb.js": "5e234c3ad51f5fe05546002faa477b5d40975bb2",
    "/17-es2015.77e9ab2e5ea5d2a51b32.js": "c42d5ae3de3a45ea3419a558e460dfe3976b3433",
    "/17-es5.77e9ab2e5ea5d2a51b32.js": "629d29307c3f879feb66bf5d82daec0318f70eb0",
    "/18-es2015.1a62d20b680173e2811b.js": "22b590ad9177faf6c831ee5e754c1d065eb58bad",
    "/18-es5.1a62d20b680173e2811b.js": "a9c4c2d39fec81b91754f1f06ffbefabcdf6b40c",
    "/19-es2015.477bfd5c8000ab97a60e.js": "66a8b130767b0b3a9dc7a27f91e855a6de334421",
    "/19-es5.477bfd5c8000ab97a60e.js": "dca5f3c4def50b537e3bd365fffe65c5d6e1317d",
    "/2-es2015.4c5ef1ed6bc8b0b40644.js": "2b5801167a1825ceb941ef3e85970223f1673d81",
    "/2-es5.4c5ef1ed6bc8b0b40644.js": "d961be5a3c8b23dc041c5a449f7997bb7ba1186a",
    "/20-es2015.b56ceec61c4e0c700721.js": "0cd8a59bd4a21cd351e48ea5b13d6432ec35b377",
    "/20-es5.b56ceec61c4e0c700721.js": "ea13201a838be23160da523054ec274a82244083",
    "/21-es2015.b34f1b1f4726824bbe3e.js": "450807188805e14c44498145acdabc0f44cd1070",
    "/21-es5.b34f1b1f4726824bbe3e.js": "9ae3ae9bbe457c3c152b22a2d98fd475e496f35a",
    "/22-es2015.29636609c77d286e54b9.js": "eb64b6be49e09bebbccbd400a61eb83fe5177075",
    "/22-es5.29636609c77d286e54b9.js": "80b9862944b0f99c65825aadc145900ecf97787c",
    "/23-es2015.84a63a71cdb83bcacb68.js": "6ec14cf36766ecd9a180a78d4def5e82e97f810d",
    "/23-es5.84a63a71cdb83bcacb68.js": "eb420d5059dd5879f68828e3a93ae588a977a235",
    "/24-es2015.258bee1ebc8a6e3353c5.js": "72cea8e7b03519c728a4074f16012726f466b9e8",
    "/24-es5.258bee1ebc8a6e3353c5.js": "09c80f5cf877dd84b406b37fa01b889cbb6d91f6",
    "/25-es2015.d00cd9614424bf805e97.js": "2db1ac8c7fedc6a4db817b9106b8072ce1378ddc",
    "/25-es5.d00cd9614424bf805e97.js": "2564a5557221f34bb9afb68b628ea09a5422e7c1",
    "/26-es2015.1b577aa193692ede28d4.js": "347919123f95a326373137015095a9aafa34dd61",
    "/26-es5.1b577aa193692ede28d4.js": "d28ee4b6c95f64c785203527bb2930a38500ce66",
    "/27-es2015.25c7a5f5d5a8ff5855eb.js": "f19223b16749ac6a18dde48682a8f18b9f931e2e",
    "/27-es5.25c7a5f5d5a8ff5855eb.js": "83a30232a363907cfa15c72a71cd571e9725d770",
    "/28-es2015.cc1addb3b76f2c36bc8c.js": "133bd9d8e9dadc068d1b6f8ce7229586760de9ea",
    "/28-es5.cc1addb3b76f2c36bc8c.js": "1a2346a11c1776d1e53076b570ecfa8dfe9b35d4",
    "/29-es2015.aac4084c2acd33f78063.js": "dc871c49cec933223a5c5b296e55501d9ff64137",
    "/29-es5.aac4084c2acd33f78063.js": "d2504dbefce7657c2d296af1917e1c88691efa84",
    "/30-es2015.4e1746d434d6ef3e995b.js": "fb4077d30541776b5a6733c2927908af86d57c9a",
    "/30-es5.4e1746d434d6ef3e995b.js": "7c43d54ea9062e729627269eacc26e39f4434794",
    "/31-es2015.bcc739e00b580a44eb90.js": "b177ad1081e9eecaffcd1c980de7c4944d60524e",
    "/31-es5.bcc739e00b580a44eb90.js": "235ee3718e73e29ebe76546e821c044210eb2311",
    "/32-es2015.a9b05df08440d0740224.js": "9d60c0f8b5a37d60d3b504af745e1c60e60db19b",
    "/32-es5.a9b05df08440d0740224.js": "8a33c0965f02c362dbdf8381faf43afe45406ac3",
    "/4-es2015.023060414b2ffc156050.js": "620d31a5427e813d09cc345a289ce1627779a26d",
    "/4-es5.023060414b2ffc156050.js": "18a64bdf8f2b90439c376f30d6d2d77bd5418dfa",
    "/5-es2015.cb867873014b327806cb.js": "b2946c6b35717d10f027b0fe2a454b4cedb920ae",
    "/5-es5.cb867873014b327806cb.js": "b62144255d28397a2ab3aa1615bec1610db65341",
    "/6-es2015.65871c6c872ddd0a3414.js": "fc52474229770d786a74e7b5bede70b156386395",
    "/6-es5.65871c6c872ddd0a3414.js": "d994889bf5cac529db5c864524bbbab4b6067a2a",
    "/7-es2015.e8d90ac36cd3124e923b.js": "ba8cf601d28fec66897f4a2b700132cde1e5e6d8",
    "/7-es5.e8d90ac36cd3124e923b.js": "a0afd75ba9b7566cec66543204be64d7e6f77892",
    "/8-es2015.34564655064f67758ffd.js": "9552079aa7c2fe9bc64f51f32449102aa253bf02",
    "/8-es5.34564655064f67758ffd.js": "28ddcf8138a56fb2f8b4b27809cb95d6bf6f8c3e",
    "/9-es2015.9e93a2e6576c92472ba1.js": "6f40f0ea4935107e35d77e2a6e98940d8a072383",
    "/9-es5.9e93a2e6576c92472ba1.js": "c3fc008f4fba2c13619aa370331877dd822126c8",
    "/assets/avatars/empty.png": "e695172df15245f3e2b6bf09c519f485d5c495b7",
    "/assets/avatars/man.png": "8457b3374bce024f87b0dbfdedd99173a1d8b6de",
    "/assets/avatars/no-image.png": "1d15f29e96f2856b7ab267e2c6986c9290ad80d9",
    "/assets/avatars/unknown.png": "ba68d833ad02197dfa114fe6cbad836ffae07f5f",
    "/assets/avatars/unknown_img.png": "4ce53b2b99bdc57722d515b55ed5fe0b8718ca0c",
    "/assets/avatars/woman.png": "de9ef9a827cf7f6b5a9b7fc7ac67413311295285",
    "/assets/flags/-.png": "9493fee898a2d5bdb38ef36082c5fc0a59edb082",
    "/assets/flags/Brasil.png": "81f1821d069379be808259c7d78a0ac3c167123e",
    "/assets/flags/España.png": "123d2354237b1ce6a7eabaa8f1d618cbb60b2177",
    "/assets/flags/Estados Unidos.png": "eefbb2afd35d273afa1d1442de6036851b36718c",
    "/assets/flags/Spain.png": "123d2354237b1ce6a7eabaa8f1d618cbb60b2177",
    "/assets/flags/United States of America(USA).png": "eefbb2afd35d273afa1d1442de6036851b36718c",
    "/assets/flags/afghanistan arabic.png": "38d2302899d690b7ae954773778be94bfd30f5e6",
    "/assets/flags/africa south.png": "a750e65595e7c290efa9a5ad782b8eb6918e82f1",
    "/assets/flags/albania shqiperia.png": "8023f529b22194ba3d402f8626cae8fb3e8a9769",
    "/assets/flags/algeria.png": "07a4404e65fb779bf508bd56c2ac0998771d02f7",
    "/assets/flags/and antigua barbuda.png": "d825273d6f3b9e02e3131ab7fe675caed500a6f3",
    "/assets/flags/and caicos islands turks.png": "a0bbcb7f6f4de10dff2911f83b30461207f9a384",
    "/assets/flags/and grenadines saint the vincent.png": "2c6fde947127c6a722e8419bd44857ba1cef01fb",
    "/assets/flags/and kitts nevis saint.png": "49f21df6ef19edf011f8a8fa4feb3a1ae5b12a11",
    "/assets/flags/and miquelon pierre saint.png": "1effb0935bce3641017d63813f729f479f3579e6",
    "/assets/flags/and principe sao tome.png": "60ec6605c7463c81052ec68441a4375baf3975d7",
    "/assets/flags/andorra.png": "79f59b88aec6efc9a3f78a5e47ef111d8ec36a40",
    "/assets/flags/angola.png": "bd72c7968a5a146892ee1969aabdc0bd593bac8d",
    "/assets/flags/anguilla.png": "c2eda8017611d639b5f4787ac6158e478f26ef76",
    "/assets/flags/arab emirates united.png": "a482a148fa7965d1afe9da469742db14d76ac324",
    "/assets/flags/arabia arabic saudi.png": "4839cc6b94be49c095232803011fbbe454ec9268",
    "/assets/flags/argentina.png": "f7bb492e42a22b7d1aa00ffe1b7c6715ac20efab",
    "/assets/flags/armenia.png": "99fea86f74032b739ee4cc0ac9319904e3e494e8",
    "/assets/flags/azerbaijan.png": "cba09880dbb8adb7f9d279145d0abbbc12d80d85",
    "/assets/flags/bahamas.png": "10f3f693618d5e275f29a15168e1a30919fff8cd",
    "/assets/flags/bahrain.png": "c34b29e29faded3bc6a877ba1fa4c3c68527a169",
    "/assets/flags/bangladesh.png": "bce7b34795b449b4d67253a5b1f095c2833ada11",
    "/assets/flags/barbados.png": "ce1f99bfccb7dc98dcd5b479867b25a913b3953e",
    "/assets/flags/belarus.png": "7ce97c457641d32c90cfe0e6e986546849540fe7",
    "/assets/flags/belize.png": "3d60a0e5d9817fb4a02dd6e0717f88a8cccc9c84",
    "/assets/flags/benin.png": "233b6425881260cf628c5600230f7ecceb55c3eb",
    "/assets/flags/bhutan.png": "21c692bafa39ed74a7e6cec0e79c3996178df608",
    "/assets/flags/bissau guinea.png": "5408022bb085675d06fa437fe284a5c8adf9244d",
    "/assets/flags/bolivia.png": "a3ed2e8b2bdc3a84be314ddc086e4c42bc05fef8",
    "/assets/flags/botswana.png": "8e77f3afbfa16feaea14776571f4413ad6c6676d",
    "/assets/flags/brunei.png": "86cb49083d2850771c0fc0c8ba300ab37daba9bc",
    "/assets/flags/bulgaria.png": "1ea158ad295e257938cea1aef8f9da4de34b2a35",
    "/assets/flags/burkina faso.png": "14a9795f010777b24800caba8df3bc4a75425ad8",
    "/assets/flags/burma.png": "d4afb1f051359d2a8388a5b7f52e0ab02a47c40f",
    "/assets/flags/burundi.png": "da5368fdcbd1c7491940abc3fe73663e850f31bb",
    "/assets/flags/caledonia new.png": "058a7086609e1737dca3bb79536c18124d59c5fd",
    "/assets/flags/cambodia.png": "9d7b5dfa6fce12273375da5d21d92373cfa69dc5",
    "/assets/flags/cameroon.png": "d973464e62203d164f14d5cca7884a8315f9ea29",
    "/assets/flags/canada.png": "9635c0cb27caab1ea2146e5fb4c513f1eaf3103a",
    "/assets/flags/cape verde.png": "c2339489fa5e221b15a2a45df66ff2555f7ad769",
    "/assets/flags/centralafricanrepublic.png": "6c6a9f17b7b0e49b58032372e09df041d76ac206",
    "/assets/flags/chad.png": "cfaadb3e89a93bbe38d3effcab8d33c925e6a523",
    "/assets/flags/chile.png": "fd323b91c5b3a777077f35640efe4d247d48730a",
    "/assets/flags/coast ivory.png": "f854e6ce382d9b571f68a5f54d39e0370d79e37c",
    "/assets/flags/colombia.png": "9bca1e90584463b1f5041d058f72354b585861c0",
    "/assets/flags/columbia district.png": "17d258cdbbff4bb42db61db34573a42ee27024b1",
    "/assets/flags/comoros.png": "2e993ae4052dd73cadbcc834e656101d821d435c",
    "/assets/flags/congo.png": "6e5a69b3440c515e7afa2e9357f7140eb8a33035",
    "/assets/flags/costa rica.png": "5bd1e3278c9fdf307cda985040a85158ae830d96",
    "/assets/flags/cuba.png": "a384974f5ba735031dd55d2f7ed4d7ec3341b3ff",
    "/assets/flags/cyprus.png": "bd18c448a41b7719336d435466e827689fbe3201",
    "/assets/flags/czech czech replublic republic.png": "13857152935b2e65ad1f783492f653f2921858c8",
    "/assets/flags/djibouti.png": "db6e57d831eba93885fe77c874320816d59cff97",
    "/assets/flags/dominica.png": "afeb271e792353999fc3e9564b18df5e63fb2f57",
    "/assets/flags/dominican dominicana republic republica.png": "3988075f8fdcef5e55ee118541a6eba6bd88d3c4",
    "/assets/flags/ecuador.png": "48a616cf00e4c5972fae52344ec9481c7679a2de",
    "/assets/flags/egypt.png": "404b04eaa4846dce539bf28fa22a88769a6d40b4",
    "/assets/flags/el salvador.png": "a0d880b374692a7549e50c6341f393ab9d63ab82",
    "/assets/flags/equatorial guinea.png": "e3cc8d0a8f016bb536a961e829a5d4ad2d97f078",
    "/assets/flags/eritrea.png": "ca406c42eb9b079a2fb159514f62a5d6f4e09e5a",
    "/assets/flags/ethiopia.png": "dc228434749376b62fe002c053320aeee730a887",
    "/assets/flags/euro.png": "18e7f880823f6f0ae12b2b7f13639ddab1a4e8b2",
    "/assets/flags/european union.png": "4d493a283444f4fd97466f215219c7e7df8119a5",
    "/assets/flags/fiji.png": "878173e2101e54846b707f2da0b8aa1e90a2d030",
    "/assets/flags/finland.png": "7df04c25fcbd56b2a640f42df2efa4a5ec358133",
    "/assets/flags/francais france french saint.png": "b0913756b0b591b908b0db269d6f0372d82562e9",
    "/assets/flags/futuna wallis.png": "01b43facbfa8950915c50ed60c56412a990f9711",
    "/assets/flags/gabon.png": "af0dfa4efb3cee9b09f3bb2172f67c4358a6e55b",
    "/assets/flags/gambia.png": "954960797f1a6cf3581577bb8bbdb4242136d38d",
    "/assets/flags/georgia south.png": "beb16642d8d95c562418168dc15984c4507feaff",
    "/assets/flags/georgia.png": "5ba98d369de2709e1355299ea8509a5f2debbc31",
    "/assets/flags/ghana.png": "64c719c23cd4caa1bd58b52f0aaebd32048c5d9f",
    "/assets/flags/gibraltar.png": "a363e592d2e3ea9ca49ef857490a280ba091fef5",
    "/assets/flags/greenland.png": "e041a8c5fbf5d9f3106ae3911efadb190246bf50",
    "/assets/flags/grenada.png": "f0b8808f6b39cfc8c9bef7cb95031e802eb7dfe4",
    "/assets/flags/guam.png": "fda121aeb9c4258ae1ed59ce0e71dc2aa573e4b8",
    "/assets/flags/guatemala.png": "b84c9767d99a81b3cd2e1865aab143a28c584e54",
    "/assets/flags/guinea new papua.png": "dde100b8f0155515f6aff2dec2850b33c156eb5b",
    "/assets/flags/guinea.png": "0f1fc2a8bb040f703ef8d27e8a1175c8df5c3f8d",
    "/assets/flags/guyana.png": "e52d1f47d9723ff67af76cfc0725672cb48be7e3",
    "/assets/flags/haiti.png": "474ba2c0cf753be9b5e0a8d1a0b7a6e9e57940d4",
    "/assets/flags/helena saint.png": "42dd5646cd7ef93e22b6604900b935e69b84b0d3",
    "/assets/flags/holy see.png": "257b09d4fffcdb2ce99bc7d8d3bd299c1a9a7e83",
    "/assets/flags/honduras.png": "0821d74c878b614de97c8935edf16bc0ffe59325",
    "/assets/flags/hungary.png": "955268b1b85d3eae3911d10c302b90654ed7cef1",
    "/assets/flags/iceland.png": "ed527846cf37cf32242ad3e39a78568d1d591ede",
    "/assets/flags/indonesia.png": "3b789d6a6cb060de09fb211a74e5bc3814e12439",
    "/assets/flags/iran irani persia.png": "4e20e7bed7d230f698a07628ffb9ca49830e30a9",
    "/assets/flags/iraq.png": "ef598a85d6688c715a373ae60c3df7b7a3ac2351",
    "/assets/flags/islands marshall.png": "d3a72b57c4f693c6649f158cdadc88f0f7452aa9",
    "/assets/flags/islands solomon.png": "2a808c510ca2dc80100ff47c2b5664a0cc58a60b",
    "/assets/flags/islands virgin.png": "9f389e564970a71736dfeb7c85b51e42ed3678b3",
    "/assets/flags/isle man of.png": "86112ca87eb239e83ecf5e0ec01b54f473b96190",
    "/assets/flags/israel.png": "d6019dac899b73f73122b3fb585df5959f113635",
    "/assets/flags/jan mayen.png": "19dd4cd747ee606f4071d62eb2a84d1a8282095d",
    "/assets/flags/jarvis.png": "cc8b6197e35042334a9710a78d29d416a97e320f",
    "/assets/flags/jersey.png": "aa7b810a1cf7368fcac4d1d92dd2af3efb66229b",
    "/assets/flags/jordan.png": "cc9da5fc0409c4d56d0a6dc8c2eecd6a517657fe",
    "/assets/flags/kazakhstan.png": "a3bb54d93f8e39d9a0eed765ecf1597dc384f047",
    "/assets/flags/kenya.png": "41bfe6914756b2fb148902906f5b61d20b86c078",
    "/assets/flags/korea north.png": "5884cc9d2808d0d4ec2ad898ab5cba1644ffdc05",
    "/assets/flags/kuwait.png": "b2832d9c469a4fa5b012f84747994667abee7d5f",
    "/assets/flags/kyrgyzstan.png": "2e62c0a284d25aad67957ac970f3de83f0ffbef8",
    "/assets/flags/lanka sri.png": "8b5c634685ccd62efbcc43fc535e0ea82b961959",
    "/assets/flags/laos.png": "d0a952c0b76d9b865acd5aaa2ccd87d1361a9653",
    "/assets/flags/latvia.png": "074311bbf7e0276f83895eb9f10d308c74d84603",
    "/assets/flags/leone sierra.png": "e8c9b4bfabcd260f1649195760480b99c05eb2d7",
    "/assets/flags/lesotho.png": "237d1221b778b77b34be5ba0ab71c25cdd583166",
    "/assets/flags/leste timor.png": "be626b57a19656c84c89029c78ae1dbce57c407e",
    "/assets/flags/liberia.png": "b5d7f5475bfb31c1f7a3b1e1cb58cd8c334c7aca",
    "/assets/flags/libya.png": "36fd489a4dfa1efb9723e8da52d7c58106acf2ef",
    "/assets/flags/liechtenstein.png": "32d98129f1e5328be92534f3732ac68bf0061f15",
    "/assets/flags/lithuania.png": "c9f83cf515e0c1d82f5f6abbc4d6b0c7e4753cba",
    "/assets/flags/lucia saint.png": "6b29fff6b5aa7a1f5192a827a73ef0ed6988fa6c",
    "/assets/flags/luxembourg.png": "8636af21b5b28ad2488e028523cb5816baba0d1c",
    "/assets/flags/macau.png": "d0d2be9299e12effd8f2f551bfeadf3508c448f3",
    "/assets/flags/madagascar.png": "d7a1b58921fdb92070bfba1f293b5178e0da2e06",
    "/assets/flags/malawi.png": "c580e5acacac37025457a4176b7c2e6702d05e8c",
    "/assets/flags/maldives.png": "9729874d2d78c44fd978eb5b2b83dc43082e723e",
    "/assets/flags/mali.png": "bc59ba892d4149336a75f5873476b65b06e75f6b",
    "/assets/flags/malta.png": "ae5507e1ef0f54d913b429b34e3c6c1bc5825f38",
    "/assets/flags/marino san.png": "ce10d815e4da4d2be9ae9035d35bf52feebeb8ee",
    "/assets/flags/mauritania.png": "97f702aa1265d168c76466eb33509ff4982e3d02",
    "/assets/flags/mauritius.png": "e2e3b06d31dc06c2cda55fe45154fe2b8177c60d",
    "/assets/flags/mayotte.png": "bbfd527d4048415d1ddfa09773737b56eaeac99f",
    "/assets/flags/mexico.png": "bee0e889fa87721ba4a64afb5445743dc359a7e1",
    "/assets/flags/micronesia.png": "dc9ed0e26484c7924b26b9018d71bd23cc5fa586",
    "/assets/flags/moldova.png": "19dd5389896917af908c9fbd95fa0d919cc9d6dc",
    "/assets/flags/monaco.png": "e3cc8fa7ef1afe3a99a0b26b55d9ff08ebf4f20a",
    "/assets/flags/mongolia.png": "ec18bd675d27abebddff3d12e53aa67eb5cfde30",
    "/assets/flags/montenegro.png": "41fc2b99d3c4e43f028ab14149afa855516c318b",
    "/assets/flags/montserrat.png": "3719602d51183c340523597a521a3a0a1dfe4927",
    "/assets/flags/morocco.png": "9cfd835a48bbf14cb321afc2830a5024e53bc781",
    "/assets/flags/mozambique.png": "ad880790be7d2acedaa9ddaa19ea44ac05807c84",
    "/assets/flags/namibia.png": "467daea98c436761212e223a49754e426a33f192",
    "/assets/flags/nauru.png": "76c8df37336b982185bc4cbb4f4b65a0e3baa0b0",
    "/assets/flags/nepal.png": "efea096b6c32011078f109ad079f0774ffa733d7",
    "/assets/flags/nicaragua.png": "df6bf527926c3102cd190fe38514f0659c347966",
    "/assets/flags/niger.png": "74a59301b2c1e45a7e601c9a614eb3f1dc25e8aa",
    "/assets/flags/nigeria.png": "565ffb382f0d1f8d5b582746a1f886faed33dc60",
    "/assets/flags/niue.png": "1c4e3be74e4d2605316541d1fa674d3da15adf96",
    "/assets/flags/oman.png": "0340ab50eec437333c914c9161a57a0d42d255dd",
    "/assets/flags/pakistan.png": "b11f51c1167daa4bfcff6366ad759963848aa906",
    "/assets/flags/palau.png": "1caeaae5c20624ea459c02c44d2823216ab911a1",
    "/assets/flags/panama.png": "2c5ccf0af67905b1ee6651c37d1f8686421e1675",
    "/assets/flags/paraguay.png": "b44b5fde93ce791df075edda8651ed44ba6edbaa",
    "/assets/flags/peru.png": "33fcbde03b4843ef61358c746963b657e1e0b12c",
    "/assets/flags/puerto rico.png": "18c6e83d0f20c61bc8782623d57f404a7cfce974",
    "/assets/flags/qatar.png": "def931ba47b4af6bc91eb1a26cb8ff6c12551b00",
    "/assets/flags/republica dominicana.png": "f4e5a6d0ca986d7e58da0dfb34f612133dd349d1",
    "/assets/flags/romania.png": "a051e4eda431a98289a1124e97ff5c642ab03b0c",
    "/assets/flags/rwanda.png": "9d7b4f5a5bb3a685706ca0abf90c22b507f43316",
    "/assets/flags/samoa.png": "7a8eb91c7a993cf73bc7613fe9ea4906e7df0a14",
    "/assets/flags/senegal.png": "ffc01de9b2e84a10c023c6fa7e0e000fa78741e5",
    "/assets/flags/serbia.png": "9797662c37f6fc50330956ca488a018f0a3dde80",
    "/assets/flags/seychelles.png": "c06918b7fc1d84decb6c3f95e1537e3757b5a1a0",
    "/assets/flags/slovakia.png": "9fd17d9c44a0622cc61097e69f192ecac6bf175a",
    "/assets/flags/slovenia.png": "91603743a7a7df6c0bef388ef6a657c88d9f35f6",
    "/assets/flags/somalia.png": "a4211021ef7495b194e2ba2d214b226c454c7360",
    "/assets/flags/sudan.png": "ebe389dfb62cc93421bcd78925898e22a96fc0e2",
    "/assets/flags/suriname.png": "baa4d6e460ed4e3a2dca118ba48c172cadf09e3d",
    "/assets/flags/svalbard.png": "3ac5b03423aa359aa8ca1199879889ab3dd9706e",
    "/assets/flags/swaziland.png": "073cc443e8a0952c2de20fe728cbf42b9d21e3a8",
    "/assets/flags/syria.png": "8762bb6274635641fec6bb1134321b227e387852",
    "/assets/flags/tajikistan.png": "1ffb155e6b30ed4de5e6f6ba83bd802347fc5949",
    "/assets/flags/tanzania.png": "c790e765637a70db0cbfb4fdfa2e4697cd43a39c",
    "/assets/flags/togo.png": "2458a3cdd9e701d39e1d8848170c2ecdf4caf979",
    "/assets/flags/tokelau.png": "169b376af43809c63c26a0ca89781aa25968ab43",
    "/assets/flags/tonga.png": "e27034506aa0eac4388518e445d26637a8cc748d",
    "/assets/flags/tounis tunisia tunisie.png": "2799fc87b38175c06230ddf10fcf23ba703daa2c",
    "/assets/flags/trinidad and tobago.png": "3ff6df6b090b8dcad628d93e5687660705087621",
    "/assets/flags/turkmenistan.png": "7e233d9894e241a726ec1ff40b5ffcf6f147c193",
    "/assets/flags/tuvalu.png": "21f5cec7ca2b363219bba6e6750d52f7832bdfe9",
    "/assets/flags/ua ukraine.png": "aeb65307c7298210cefeae6e44080855e83773e5",
    "/assets/flags/uganda.png": "a5684e61b3ea7b2a102a6bb6a5042f9a2cd74e66",
    "/assets/flags/uruguay.png": "7073f0f3b0f6f53b6e52f19a75f33a01f0489b98",
    "/assets/flags/usa.png": "7508387e4b92f3c05743320f838d84ac14f338d6",
    "/assets/flags/uzbekistan.png": "fc909358438102ff32438ddf7bff5efe3214dda0",
    "/assets/flags/vanuatu.png": "efeb2c03c529ff991d7f5db308d923c4494e1df8",
    "/assets/flags/venezuela.png": "5b55a8652113b9408a38ea80d2c8bbf11beb7848",
    "/assets/flags/yemen.png": "d83dba70b819736b7f185792a7dd1618d05149c0",
    "/assets/flags/zambia.png": "6dab63fcd1d3f38f33ba54729dcde0ba091bc2b8",
    "/assets/flags/zimbabwe.png": "fc4672405fe1d9e7b22f93c5858ed464634c5ada",
    "/assets/fonts/boxicons.eot": "d06c5389b89e181b13c3e9a0910b8c1f24be5f7b",
    "/assets/fonts/boxicons.svg": "4286bf981d755b952fa329a344d5b27bac0b6de8",
    "/assets/fonts/boxicons.ttf": "5cb4c23d2c5f1e8e83b105bcd8dcfac96d17fb98",
    "/assets/fonts/boxicons.woff": "306165c3b8b91f21a7028fb0d0730896980173b4",
    "/assets/fonts/boxicons.woff2": "f7758f434ced0a49499ca73eeb3ca44b64daefe1",
    "/assets/fonts/dripicons-v2.eot": "2a1d12ff5542cf9acdfc5d31a3d9ba62b5a1e5f8",
    "/assets/fonts/dripicons-v2.svg": "8b96ab043fcb2c805bbbef6a1ad87ba052fc5f2b",
    "/assets/fonts/dripicons-v2.ttf": "5f73032b4d2df4109662b682c56d260cc7dc9dec",
    "/assets/fonts/dripicons-v2.woff": "1574a666ba4633923d4a0f22cf1daa04455a6079",
    "/assets/fonts/fa-brands-400.eot": "a17db2a5a355befd089bb6e7d53c3d501bf9e827",
    "/assets/fonts/fa-brands-400.svg": "d49c07aef6414916b3c6860b42b906e39748e842",
    "/assets/fonts/fa-brands-400.ttf": "66c86edfd13e63e0e981ce853335c28bc2d20cec",
    "/assets/fonts/fa-brands-400.woff": "8436788e76679c0485b62c80eb7512c6c2e34e88",
    "/assets/fonts/fa-brands-400.woff2": "509988477da79c146cb93fb728405f18e923c2de",
    "/assets/fonts/fa-regular-400.eot": "6299f0e32575f73d8d897f87ce899827f99e20fe",
    "/assets/fonts/fa-regular-400.svg": "3372e92825af3975013cece2390f806023b1b05d",
    "/assets/fonts/fa-regular-400.ttf": "00f569f7d8ac2497a43b25dc4d3b32213bcea31b",
    "/assets/fonts/fa-regular-400.woff": "8469cb3d9c8189fea64f60aef2753509d770b8df",
    "/assets/fonts/fa-regular-400.woff2": "260bb01acd44d88dcb7f501a238ab968f86bef9e",
    "/assets/fonts/fa-solid-900.eot": "5be5944a17e8b32589a12fdc2b8a8570c9081db4",
    "/assets/fonts/fa-solid-900.svg": "a4115fd7ce47ed2b41f7d4e9e7448f28ba3f7508",
    "/assets/fonts/fa-solid-900.ttf": "ff8f37dfad105796bd924d0db0d37a4ff252618c",
    "/assets/fonts/fa-solid-900.woff": "15c52209092ce0fb7210e40e2a01acc8b4a5c494",
    "/assets/fonts/fa-solid-900.woff2": "75a88815c47a249eadb5f0edc1675957f860cca7",
    "/assets/fonts/materialdesignicons-webfont.eot": "61fa95ea8cfb2c5a089b08e7136a5fd748420ab9",
    "/assets/fonts/materialdesignicons-webfont.ttf": "a1407c88cea2a9dbc31fa8be642aff58650ae352",
    "/assets/fonts/materialdesignicons-webfont.woff": "60abbfc70f76d949a785a65742f2a3628c9fe006",
    "/assets/fonts/materialdesignicons-webfont.woff2": "24d77a27ad03c38e046c91fcd48011f16c72429b",
    "/assets/fonts/summernote.eot": "2780643dceb8a05d00079c6c9d938c8c53d33a51",
    "/assets/fonts/summernote.ttf": "43563e02ae0f28d203799af2e394a5b7f6363fd7",
    "/assets/fonts/summernote.woff": "e730258b51db465ebabcf77c24a0ccad54e93b6f",
    "/assets/i18n/de.json": "e1ed01e92aaec41b2dce366fb67d5f8880c6bda6",
    "/assets/i18n/en.json": "b4eab8f23e7b3f194e594ac1ca1230990e8f9872",
    "/assets/i18n/es.json": "513a4e0e57f15604e3118f21f56874a45385fec2",
    "/assets/i18n/it.json": "7a3b2b4d39c6e841ef37df8676199308c5e0dbf7",
    "/assets/i18n/ru.json": "55ab02aa78a8ad8f78edb58e2578409e631f7237",
    "/assets/icons/icon-128x128.png": "dae3b6ed49bdaf4327b92531d4b5b4a5d30c7532",
    "/assets/icons/icon-144x144.png": "b0bd89982e08f9bd2b642928f5391915b74799a7",
    "/assets/icons/icon-152x152.png": "7479a9477815dfd9668d60f8b3b2fba709b91310",
    "/assets/icons/icon-192x192.png": "1abd80d431a237a853ce38147d8c63752f10933b",
    "/assets/icons/icon-384x384.png": "329749cd6393768d3131ed6304c136b1ca05f2fd",
    "/assets/icons/icon-512x512.png": "559d9c4318b45a1f2b10596bbb4c960fe521dbcc",
    "/assets/icons/icon-72x72.png": "c457e56089a36952cd67156f9996bc4ce54a5ed9",
    "/assets/icons/icon-96x96.png": "3914125a4b445bf111c5627875fc190f560daa41",
    "/assets/images/404-error.png": "54eb0b7e15d58130d7078c5a19367549608e0689",
    "/assets/images/500-error.png": "db8e44a89101e8c77d57b1f487244280b45e7386",
    "/assets/images/brands/bitbucket.png": "3a3c3e8140c3d34bf8f6980c72c20b0db336ca46",
    "/assets/images/brands/dribbble.png": "d2e346e563cf381bc41257aa079504e26d9e4679",
    "/assets/images/brands/dropbox.png": "9746ec1d838893f7c25c464c8be6a718cd79e45c",
    "/assets/images/brands/github.png": "eea5e72a1b0d7d89709fedeece656ed0d6bfa089",
    "/assets/images/brands/mail_chimp.png": "aff82b6067d4faeb1bfa03621cb7954fc1b84e2c",
    "/assets/images/brands/slack.png": "3667c0d593312446b300ac26ac2f2d2d0bce6cc0",
    "/assets/images/coming-soon-img.png": "b2838ba7033b3f547559ce7bd8617ea03058d84e",
    "/assets/images/faqs-img.png": "c0b3950594e3ec54d3fb5ca2d920f37e19a825ff",
    "/assets/images/favicon.ico": "b9f206ff59c73daff1a845f7bc309c36459b333c",
    "/assets/images/flags/french.jpg": "8bb332806abc35eba3bd5d13accf4e72d7b82521",
    "/assets/images/flags/germany.jpg": "9e605d46e9b77bfdfff8d868a803a4a2b45ddc02",
    "/assets/images/flags/italy.jpg": "67c8800e8efca9617a32ed35235245fc2a5128ea",
    "/assets/images/flags/russia.jpg": "71b01caecc6e0e6ddc60b61057b1b1dfc779ba7c",
    "/assets/images/flags/select2/ak.png": "90b319c501ff3fbae64ec9c43fcb5fa4efbace8b",
    "/assets/images/flags/select2/ca.png": "ce7ad242a735b71495c30d65c1c0c2419c218c0c",
    "/assets/images/flags/select2/hi.png": "502e60774ffa1ac8e2bbecbecc1a755c8f5f9e9c",
    "/assets/images/flags/select2/nv.png": "95b9eb555561253a45f4adda6d70491617972aaa",
    "/assets/images/flags/select2/or.png": "cf6b5ef62022a58cc0e973c26eafc0226e99a8a1",
    "/assets/images/flags/select2/wa.png": "689ff19511ea668a66169fe5aa0b32e2a4490d39",
    "/assets/images/flags/spain.jpg": "e9a7ff8a59fa5a0433e9f0596d0dc29b4364345d",
    "/assets/images/flags/us.jpg": "5e20d661f9856581ab1487488e18eca3f5dae464",
    "/assets/images/layouts/layout-1.jpg": "12ed003c5b58ed4b33ed941ea60debe9664b2f0a",
    "/assets/images/layouts/layout-2.jpg": "a9ab5c0d5e179cdfc1e06b76c963da61dc3a9acc",
    "/assets/images/layouts/layout-3.jpg": "d570912857e16b5efffdae52dcd1530e265963ae",
    "/assets/images/layouts/layout-4.png": "e24c9ac68164609314344b77266b603d8a5cfcdc",
    "/assets/images/layouts/layout-5.png": "23b2d14ae73f0c36f909284bc805e5db89d27d20",
    "/assets/images/layouts/layout-6.png": "2d1f6793e0513742a10d65378a9da66c607b9497",
    "/assets/images/login-img.png": "ffa9abbc9aa784d03e8a14b039fb1a5df49496d7",
    "/assets/images/logo-dark.png": "6bab060e40abb49244ab86fd458a4a10846c77e2",
    "/assets/images/logo-light.png": "8116341300717c77bb2177feaa05e71844ae698e",
    "/assets/images/logo-sm.png": "88a4e87b7c71fd0d5edcf729558e605335f5de1a",
    "/assets/images/maintenance.png": "38473edd8cb19a21617f8f76a92f9a931db19fa5",
    "/assets/images/product/img-1.png": "9dd2ddd1e4d178a17565c5c09199cd3db45f3c4c",
    "/assets/images/product/img-2.png": "597f1ba0a8c416c343f81512d4cb244e5044885e",
    "/assets/images/product/img-3.png": "317397ec6efb4d5505dda39ec24cb606ebdb9243",
    "/assets/images/product/img-4.png": "b1e8e67d8cbdb2b590fe845f2891737f498770c6",
    "/assets/images/product/img-5.png": "e5c12b2d4cc2c13ea050a07c66b35eb1223315c0",
    "/assets/images/product/img-6.png": "c9f09f0f515eb9b9ebbc2e3192e80ae2f41cee5d",
    "/assets/images/register-img.png": "2179d455ca1ec5f14a238a0126628ba6548c4dca",
    "/assets/images/setup-analytics-amico.svg": "2b7a7381d79c512d8946286a1a4d1c822001b8b0",
    "/assets/images/small/img-1.jpg": "12c395b37e52d55864289ffbd1c56f1dcbd3fff8",
    "/assets/images/small/img-2.jpg": "4b2ad990ca68f8e95310ae57eb690f860ea3d93a",
    "/assets/images/small/img-3.jpg": "9929d4795e1089562ef95dc57baa73ce92c3ee8e",
    "/assets/images/small/img-4.jpg": "0ad0fbdf6c4c69827c120113ac5d5ec958ca31a4",
    "/assets/images/small/img-5.jpg": "92f515d11a6f2b4a2ac5091db7fe58032a4f2966",
    "/assets/images/small/img-6.jpg": "024030bcee95b479caaaa653faa5f59f8295667c",
    "/assets/images/small/img-7.jpg": "3a7fb0c36b2e5d824e9097093227318093476e8a",
    "/assets/images/users/avatar-1.jpg": "84c51922f1dd8da022a9b1ffc4e499bfb2a48ae3",
    "/assets/images/users/avatar-2.jpg": "45c52438b90d43b8967bc385fa30a1be03c5f24d",
    "/assets/images/users/avatar-3.jpg": "1260b70375c50a7c6643bc6c8b5612c0f3eab038",
    "/assets/images/users/avatar-4.jpg": "dd3808dd343dda4bb3728aeac95184ad0d90bd31",
    "/assets/images/users/avatar-5.jpg": "bd19a0f1e11289843dc9bbcfe31a77b8ed4c688a",
    "/assets/images/users/avatar-6.jpg": "a0c40332254fa8220f4bf312a0211ebbbe1be50e",
    "/assets/images/users/avatar-7.jpg": "7d20b491a7a2c70113b765cac41f60b9abe28dcf",
    "/assets/images/users/avatar-8.jpg": "4448052e4311c8de773eda4db497104be9a7175d",
    "/assets/images/winners-rafiki.svg": "0c29f94540fb84cf72e3f02793556f89d4b48903",
    "/assets/img/Product_32px.png": "9171e059bedd3912ebdff283e58c2d7d5db8b35f",
    "/assets/img/gallery/coming-soon.png": "49e387cc2d148bc5972fc7c95a733b683b1a305a",
    "/assets/img/gallery/dark-bg.jpg": "a010e1068cccfe99d500758eb9669b015c4c3be8",
    "/assets/img/gallery/error.png": "ec8cf8cc2cfe7288f9f0a6ede4b28125cc192a69",
    "/assets/img/gallery/forgot.png": "9ab3dd974a82358e90152ee0bdd6daad5751a95d",
    "/assets/img/gallery/light-bg.jpg": "454e3b2b6a06a375ac54d56f575c9013455e6130",
    "/assets/img/gallery/lock.png": "c64899f286bcbcf9d1376442fbbf360822db68e8",
    "/assets/img/gallery/login.png": "0e70cc6ddd959dd335edff451bc976fd8c352171",
    "/assets/img/gallery/maintenance.png": "13163aaec09b15491c2a04e03dc3c7cd68252fb7",
    "/assets/img/gallery/register.png": "2ba931b61cfacb77c4ecbc98c6dbdfa736eab810",
    "/assets/scss/_variables-dark.scss": "d83f2259372685aaa15a7397815c842c55475f14",
    "/assets/scss/_variables.scss": "1b57d952565f680ff62a06874e8e8a21250cc936",
    "/assets/scss/app-dark.scss": "cc5f59760a402c414205a4f7c5f026534b943410",
    "/assets/scss/app.scss": "cd5ca8fa883bf687d030f9410bcbcf508c177836",
    "/assets/scss/bootstrap-dark.scss": "c1dacd2d461880f03b170fb990283580cc6f5280",
    "/assets/scss/bootstrap.scss": "6377a372fab04cd34e0b44a86480e6a3166638bd",
    "/assets/scss/custom/components/_accordion.scss": "2061f66b1a3bc7d8897b064add49e5aea1693bf3",
    "/assets/scss/custom/components/_alerts.scss": "7ee3d1203604ca59f1cb4dff7a0131ae884c170a",
    "/assets/scss/custom/components/_avatar.scss": "7c50c7ec9cb75ce0ba55b9410d54e05cc895b662",
    "/assets/scss/custom/components/_backgrounds.scss": "8c9ab54ee62de090ff1c64edfbe28bc1c96bc27d",
    "/assets/scss/custom/components/_badge.scss": "f1826710399486a53c319e6f9e5bd1999e0372eb",
    "/assets/scss/custom/components/_breadcrumb.scss": "8456905e44887bdccee55b98c362544ff9ebfbf2",
    "/assets/scss/custom/components/_buttons.scss": "f8ad5f24ff495fc442410e2342739656cd074cf6",
    "/assets/scss/custom/components/_card.scss": "60b72c7ef422faaab094ce98fe5593fd44d47ae4",
    "/assets/scss/custom/components/_demos.scss": "a40d260dbdaff53df960253a055b1d2491d04f2b",
    "/assets/scss/custom/components/_dropdown.scss": "024bbd280f62b79c090f7a0ce2569fd92d6f8dfe",
    "/assets/scss/custom/components/_forms.scss": "5bb5658b3052e8e8d40f6906bc4a563c138c5f47",
    "/assets/scss/custom/components/_helper.scss": "3acce9d7c457e613851fe0318fc0fa40ef37c2b6",
    "/assets/scss/custom/components/_nav.scss": "d073f7c57be19d02439e89c91e6822a4495cbf4a",
    "/assets/scss/custom/components/_pagination.scss": "3b04cf22da604b9655e069f209b879458d575786",
    "/assets/scss/custom/components/_preloader.scss": "5633511e59a24beae0126cd0e340a9b1f925658f",
    "/assets/scss/custom/components/_print.scss": "d7ee8c8ebb895fd4f4f052a7290e33dea36a11ee",
    "/assets/scss/custom/components/_progress.scss": "b8291cad7a3cbcfd93eb23d242513df8ff634e72",
    "/assets/scss/custom/components/_reboot.scss": "130623a5139bd8e1759c86c13b089480fda7bdee",
    "/assets/scss/custom/components/_table.scss": "61875d26248f7c0be40fa0fe26530767544fabb1",
    "/assets/scss/custom/components/_waves.scss": "6f863fe7de6d37df2e2449e5e242d456d22e8881",
    "/assets/scss/custom/components/_widgets.scss": "9ceb365fd66b8a54f63354b16f39394471464526",
    "/assets/scss/custom/fonts/_fonts.scss": "47609981bf146a1c69cc20d750b78cb343b43521",
    "/assets/scss/custom/pages/_authentication.scss": "617b9f4ac2a4adc99b13d9bf7f24983bb4fda5e2",
    "/assets/scss/custom/pages/_chat.scss": "d6e3674930d6fae911ef8b5b9d74cbdcd99cfdff",
    "/assets/scss/custom/pages/_coming-soon.scss": "56fef97e9a30902bfd531ad21a232172cafa588e",
    "/assets/scss/custom/pages/_ecommerce.scss": "2f070bcc5998a07fbcee87cbd34af61a66801992",
    "/assets/scss/custom/pages/_email.scss": "807a2bb05e7789b38e980bc6b909c8b02f253507",
    "/assets/scss/custom/pages/_extras-pages.scss": "0afbbe6a27489303937dd62b36f8e65d3e30ce1c",
    "/assets/scss/custom/pages/_timeline.scss": "a05e72346851c7b1a0d5c0ea8d1736b96788c09c",
    "/assets/scss/custom/plugins/_apexcharts.scss": "797c8f9822072e741d600427176888e28816a28e",
    "/assets/scss/custom/plugins/_bootstrap-touchspin.scss": "cb083da11b119e28c9f48ce1d16c7508feb5230a",
    "/assets/scss/custom/plugins/_calendar.scss": "4c7af66e94c429cde8af88499ec2e09bdc2ed2a6",
    "/assets/scss/custom/plugins/_chartist.scss": "f6421d55294bf54692c04eb7c8db3d3538754e23",
    "/assets/scss/custom/plugins/_colorpicker.scss": "ae6be20fd7aa519b18da5ade375a1ca3bc68e97a",
    "/assets/scss/custom/plugins/_custom-scrollbar.scss": "a1967c276a2873bfa1d48e7645fff8fb7bbeee58",
    "/assets/scss/custom/plugins/_datatable.scss": "4da92d09db851bf47198b1ddf3157485f6f0e197",
    "/assets/scss/custom/plugins/_datepicker.scss": "c490fcd61b5a8e863b2e5bcc7693be8bb25d0f1f",
    "/assets/scss/custom/plugins/_form-editors.scss": "09ed4d6a538c53bea6a0e2b010cd5a4b17cb704e",
    "/assets/scss/custom/plugins/_form-upload.scss": "dca40e57224939a52561decdd348f1f32eb7cc6f",
    "/assets/scss/custom/plugins/_form-wizard.scss": "05012e0516fe5c2771aa8e3aebe600c11a569585",
    "/assets/scss/custom/plugins/_google-map.scss": "1b444b66a1676723f2c75e07d05fe747466d7706",
    "/assets/scss/custom/plugins/_icons.scss": "403a79e58b3fb5d53584ad65d3ec3b1b3ee04f0b",
    "/assets/scss/custom/plugins/_owl-carousel.scss": "b532dc8a2ae7d188ce13a402973eb35c30c1b648",
    "/assets/scss/custom/plugins/_parsley.scss": "1e2a15c79cc5afcbc29cdd81f36989736e7e7da3",
    "/assets/scss/custom/plugins/_range-slider.scss": "114d60a0232d28cc94fc9eec63cfd4662c680b22",
    "/assets/scss/custom/plugins/_rating.scss": "8db0f59f2e3b3e5f8f0896e0eefa17eb71d542a4",
    "/assets/scss/custom/plugins/_repeater.scss": "41f9c605f19b41efb64f2e2e63a8553cec5a702e",
    "/assets/scss/custom/plugins/_responsive-table.scss": "906333f8bcdebfde6428cc4553fa1f52288e114b",
    "/assets/scss/custom/plugins/_select2.scss": "fd48a3feb53ef95f30f5d1fb961f87eaa311249f",
    "/assets/scss/custom/plugins/_sweatalert2.scss": "e097a967409d50f4676da36fff82be5d5046d906",
    "/assets/scss/custom/plugins/_switch.scss": "4f645afe90aa94226006164039d7aea324fae526",
    "/assets/scss/custom/plugins/_table-editable.scss": "53db16f8fb922ab12f57f84bcc64d05c4f1a5e12",
    "/assets/scss/custom/plugins/_toastr.scss": "8269dd7449d97ade179da77079f2e7f544e8d6f6",
    "/assets/scss/custom/plugins/icons/_boxicons.scss": "3ee71acf91414a6791a03728cfdb054cc9bd0535",
    "/assets/scss/custom/plugins/icons/_dripicons.scss": "1f89547ef9dd01c4f87867680e0a0182e14e5b7c",
    "/assets/scss/custom/plugins/icons/_fontawesome-all.scss": "cc566577c69138498ae613d8e33730324d901e96",
    "/assets/scss/custom/plugins/icons/_materialdesignicons.scss": "3ee53a8b0d6548a08a1c1a01d711e2eb1feee2c6",
    "/assets/scss/custom/plugins/icons/_unicons.scss": "49facec87440747ad7629dc8b7d55a4e00d1f0b0",
    "/assets/scss/custom/rtl/_bootstrap-rtl.scss": "bc6c935c84e2f89cef334cdfd7f33ea13af5d754",
    "/assets/scss/custom/rtl/_components-rtl.scss": "eb595184e03a0c3d7a29269cdc9bd4140b84158f",
    "/assets/scss/custom/rtl/_float-rtl.scss": "ca6478ce5f3a67e8033b684cad9a4b5bd8aca90f",
    "/assets/scss/custom/rtl/_general-rtl.scss": "aedbfecd6fc7535cfb238bc167f05f05ff318345",
    "/assets/scss/custom/rtl/_pages-rtl.scss": "b265365c22028287060ae538d9ef472028ee3016",
    "/assets/scss/custom/rtl/_plugins-rtl.scss": "9c3d5546eb956f7c9f5067f270f61fe63daec764",
    "/assets/scss/custom/rtl/_spacing-rtl.scss": "22043b0f99336d9679ed5a10e5efb125637a455f",
    "/assets/scss/custom/rtl/_structure-rtl.scss": "d6a8573e5482759b50c2536606b9c3940e5ce0fd",
    "/assets/scss/custom/rtl/_text-rtl.scss": "714a54514d8ef53d900279e1975724982c262285",
    "/assets/scss/custom/structure/_footer.scss": "b1e25671766323bfd10dedc75120b795b111ea94",
    "/assets/scss/custom/structure/_general.scss": "da39a3ee5e6b4b0d3255bfef95601890afd80709",
    "/assets/scss/custom/structure/_horizontal-nav.scss": "b453b257e900b7d37171cf8271a7a2f94c36a716",
    "/assets/scss/custom/structure/_layouts.scss": "85c9cbe4fe0488c5ab99e621ca36cd7653c82a00",
    "/assets/scss/custom/structure/_page-head.scss": "ad2fdce31f2f328078a1ebad6141fcc7df1a2110",
    "/assets/scss/custom/structure/_right-sidebar.scss": "d769320beb665bb95143320fb2cf76a79b554eef",
    "/assets/scss/custom/structure/_topbar.scss": "7f239e115ac738e525ea5fc6cbb2b5bbafa3efcb",
    "/assets/scss/custom/structure/_vertical.scss": "d797cda3b192637aea6a1f3ad482683cdf12d89c",
    "/assets/scss/icons.scss": "e1b3dd0bdf6443448eba5613f9c59f3cd25dac78",
    "/bar-hue.6501b4245688b16f370a.png": "dca78e6ef12b8110c5cd338cdb3aea20f416d87b",
    "/bar-saturation.dd067fc7419462a803da.png": "11c51d778a048e9bbb6b5a2a9ad19dd147f9e1e9",
    "/boxicons.5e81160c5f41fcc12b38.svg": "4286bf981d755b952fa329a344d5b27bac0b6de8",
    "/boxicons.6829ebb16362074c0c30.eot": "d06c5389b89e181b13c3e9a0910b8c1f24be5f7b",
    "/boxicons.c6d7d0356c53c17d21be.woff2": "f7758f434ced0a49499ca73eeb3ca44b64daefe1",
    "/boxicons.dcaf6a260cca4a061aff.woff": "306165c3b8b91f21a7028fb0d0730896980173b4",
    "/boxicons.e2ffa5b9254ec286b380.ttf": "5cb4c23d2c5f1e8e83b105bcd8dcfac96d17fb98",
    "/check_black.20b5d8a288625e7db649.png": "0904b9fdc0810a1b4d3ecd4c6157780fd7edf713",
    "/check_disabled.151d69351ea499d93643.png": "ce268c8536ca926ae644848c000a21b925156540",
    "/check_indeterminate_black.6c741c32f964c3451c81.png": "f1daadbd291c5c8a7230fbeeeb831fd89dbe171c",
    "/check_indeterminate_disabled.9d57b9e7eb7ccb70e309.png": "5d7d96e8535f3acabf89829c06387892c41607c1",
    "/close.3a3d32773c7e60a9fee8.png": "3c3acf80f235bb9295c8c501253ff4d2f5cc847a",
    "/close_black.bb344e1e4c97c2c4096f.png": "6f2ffc111fafc117b397acc14116ca1b01fa353c",
    "/close_white.2653146f4d1b5d82095b.png": "ddd064668539e86b17c9a6d6e97d711502176e80",
    "/common-es2015.6d2dd130cbe0d5d779a3.js": "1ce52566d20cd3f57079cb13eaad8f2d350fc407",
    "/common-es5.6d2dd130cbe0d5d779a3.js": "d24a8d5ceab2c290cc9db3b358982c241db894ba",
    "/crosshair-white.b7d457e15ccc5424529d.png": "9c0814e8a303a83f3df7603cdc69cf8627e464da",
    "/crosshair.77eac4f899243142b4ee.png": "25beae2806570a87896fad4a74d6eed0c08f3a2f",
    "/drag.a657bcd50c7e72ec7dbc.png": "6e97d4a07ed337128dd16278673b64839d68831d",
    "/dragcancel.e8d3368de9f2e3aed4a8.png": "6becea27f4066c25df473f33423e7d18451ae13d",
    "/dripicons-v2.09c9c870ef8f9cffcc8f.ttf": "5f73032b4d2df4109662b682c56d260cc7dc9dec",
    "/dripicons-v2.4cecedd188b606da855d.svg": "8b96ab043fcb2c805bbbef6a1ad87ba052fc5f2b",
    "/dripicons-v2.7f392f1e4787b46b3e8b.eot": "2a1d12ff5542cf9acdfc5d31a3d9ba62b5a1e5f8",
    "/dripicons-v2.f19dcc0358afed69d277.woff": "1574a666ba4633923d4a0f22cf1daa04455a6079",
    "/error.7d55f698e82cef51e189.png": "1fb3d6443d255f3ea51ec03743a40e07e4ad67ae",
    "/fa-brands-400.31015e861aeb30ff8355.woff2": "509988477da79c146cb93fb728405f18e923c2de",
    "/fa-brands-400.3c45c98f6f6c1b009c08.svg": "d49c07aef6414916b3c6860b42b906e39748e842",
    "/fa-brands-400.5818bbd07dfd7095920a.ttf": "66c86edfd13e63e0e981ce853335c28bc2d20cec",
    "/fa-brands-400.607a77859353c0cc1882.eot": "a17db2a5a355befd089bb6e7d53c3d501bf9e827",
    "/fa-brands-400.ee26f57bc9e3619b022b.woff": "8436788e76679c0485b62c80eb7512c6c2e34e88",
    "/fa-regular-400.0747be4cba2f8600544f.eot": "6299f0e32575f73d8d897f87ce899827f99e20fe",
    "/fa-regular-400.8b892b7904a39e37c53d.woff": "8469cb3d9c8189fea64f60aef2753509d770b8df",
    "/fa-regular-400.ab47faeab8ddc5f809ec.svg": "3372e92825af3975013cece2390f806023b1b05d",
    "/fa-regular-400.c3146b3524e97475c094.ttf": "00f569f7d8ac2497a43b25dc4d3b32213bcea31b",
    "/fa-regular-400.c52405129ae48097815d.woff2": "260bb01acd44d88dcb7f501a238ab968f86bef9e",
    "/fa-solid-900.18df003f90a7f1313b98.svg": "a4115fd7ce47ed2b41f7d4e9e7448f28ba3f7508",
    "/fa-solid-900.32267f3b4db33a7c85ee.ttf": "ff8f37dfad105796bd924d0db0d37a4ff252618c",
    "/fa-solid-900.7eefe04dc985dd4ad38b.eot": "5be5944a17e8b32589a12fdc2b8a8570c9081db4",
    "/fa-solid-900.9451d5fee89b51a20f8a.woff2": "75a88815c47a249eadb5f0edc1675957f860cca7",
    "/fa-solid-900.a940d584750708f5435c.woff": "15c52209092ce0fb7210e40e2a01acc8b4a5c494",
    "/favicon.ico": "b9f206ff59c73daff1a845f7bc309c36459b333c",
    "/filter.31af5202b48eb6f853f3.png": "e7141612f7779dbe003da7e219f18524e367bfb5",
    "/fontawesome-webfont.1e59d2330b4c6deb84b3.ttf": "13b1eab65a983c7a73bc7997c479d66943f7c6cb",
    "/fontawesome-webfont.20fd1704ea223900efa9.woff2": "d6f48cba7d076fb6f2fd6ba993a75b9dc1ecbf0c",
    "/fontawesome-webfont.8b43027f47b20503057d.eot": "d980c2ce873dc43af460d4d572d441304499f400",
    "/fontawesome-webfont.c1e38fd9e0e74ba58f7a.svg": "98a8aa5cf7d62c2eff5f07ede8d844b874ef06ed",
    "/fontawesome-webfont.f691f37e57f04c152e23.woff": "28b782240b3e76db824e12c02754a9731a167527",
    "/html_editor.5187a9aa6b5bbbdcbbdb.png": "837fc0e764a70cf1ab20b79f64e7485352e23ee4",
    "/html_editor_white.798272a592271ef5c5e7.png": "5fcfe55693f6678b4f02efc18b37e2a0a89c29e2",
    "/icon-calendar-white.c404884a6bbac05937d3.png": "0832e2e77081555b447777440897b9cf7b6957fd",
    "/icon-calendar.93a49c0dffcf0ae93019.png": "aca978ea02a016b034038330a8b2a6213c24e4c9",
    "/icon-cancel-white.6a0f500a8efb6d3409c5.png": "8ce61b53610c234a9f17b99d3e3a7cbfdd4007c8",
    "/icon-cancel.896c335d7f8f067cd84e.png": "ce7a4da48454c6e2a70c6555d73ab2ae51f9509b",
    "/icon-delete-white.be05386c79e377fce9ef.png": "db29b9c374f97f2e5a0ce24484957e9aed8be185",
    "/icon-delete.940067d55b5e2ceb451d.png": "3e5a20e8fee7af15eb67a6a7c17e8a5eec014402",
    "/icon-down-white.dad951fdedc1f594d283.png": "e79985b37f21b83f46a8dced9f1b39ae974db480",
    "/icon-down.065b4103f7b446cb4333.png": "8dfa10ef2b956449e6f9700f63cb0cc4ac1bd4da",
    "/icon-edit-white.a66029b3c2c5c60f7f2a.png": "05d1e3e5ada906fc0e2446ec9afc2e90b3cf48df",
    "/icon-edit.4ca833df84d05c8fa413.png": "b3c662707c3eebd9c58d6a5c33a8e98e645a6ae8",
    "/icon-first.21e311078c462c80fc4e.png": "d0a1e5083fa98f2fc4bd79cb15af1b3f8019a2f0",
    "/icon-info-small.c69f70037a8e83cbdc88.png": "59dc55ff6f7df55dca03cbdd6776ef7f4921fb39",
    "/icon-last.f8b0c54109a21bfd9f30.png": "5bef191bcfb5bfc413907ef4453099f3a5aa13d2",
    "/icon-left-white.63910243c00fd0d1abd2.png": "807fcccd15115b2ddb9e5b58d5fe0a056ae30b55",
    "/icon-left.23e4665a427255f5eada.png": "e413ed933e70a37d831a3210092a0a438bc1c11f",
    "/icon-menu-minimized-white.74a689abd6cb065735e8.png": "4fb553753f4093fb9717c88b6ae5b046eea344ce",
    "/icon-menu-minimized.a26d850375123885c2cc.png": "92e6f8d655f3248440c36f0cd96dcc46dc559725",
    "/icon-menu-small.9e961ae9019a773436fe.png": "f843cd9ebc7936a4cac312b6b160da7e510c5355",
    "/icon-plus-white.0ee32f46e768ed21873b.png": "9c4488aad6031137e9d035c799af9d133ff42546",
    "/icon-plus.de5c444c713e1aead6d7.png": "536c94ce08e2671d1f4df9f68e826957fbe9a4aa",
    "/icon-recurrence-exception-white.3e3e867200cb2000fbd2.png": "5f220ff23a94c56537632ef97de04be6e27e29be",
    "/icon-recurrence-exception.95dec52352601492cec5.png": "1155a7eab6548cb39aedf8cab8401d913415120c",
    "/icon-recurrence-white.87bfa73f92f70ca6b329.png": "dd485934aab014b6329a2a467e5f18cb667168f1",
    "/icon-recurrence.a1d86a2688c1e756a183.png": "e27323d75aa61d86a916a9ba9dd5b6842ddaf9c1",
    "/icon-right-white.be5cd43c5ff9cd6ad7e6.png": "9f083fbb71659c36a714026cad29c8b8e0d7c3ef",
    "/icon-right.72c527107db175b3cac7.png": "305052b988fa45f459c3899800f1237fb850af47",
    "/icon-save-white.880549122882cecac450.png": "beb56e45fddfabe07a28ad11bfd993e045e76eb0",
    "/icon-save.fc4547d0ccb85d87171f.png": "be5b9433dc4d1942654870ed2e4764e9cecc7ceb",
    "/icon-showpassword.42739083a48a7aebef76.png": "74c8f725cceaf4857e1e4960e8e9e943fb9c97d2",
    "/icon-sort-asc.775cd130a788bf173946.png": "101038c4629234b210c72bd38fe393c7abfc2fc0",
    "/icon-sort-desc.036f049b4bef98347dfd.png": "ac35e5656aaf68052955024489d473ccf5cac04b",
    "/icon-sort-remove.21cf51e369b0bcb2fa83.png": "f7e15ba27f1fd0551a236cd4a5f949dab9b0f598",
    "/icon-time-white.cb917f2da37c8efccf88.png": "8ef657679fbe80bae180f04bfa11e80355808e3f",
    "/icon-time.27e6ea3eda511b1d2d69.png": "efcd24a2ba6606448488e91f73dddc7d4b467238",
    "/icon-up-white.235f7723989770e2eba6.png": "ca497a846802e52352bdd69ec6a2e088def84085",
    "/icon-up.53a2f75fc2acd349e4c2.png": "8530be797fe7d610be41298866690c9c2dd4b1a1",
    "/icon_collapse.8959a0b75e70e3d60cea.png": "794e84d1c6bbac98d7a2e7ba32e119a6d0e4cc02",
    "/icon_expand.e28dda8b625d042b1585.png": "e59c31fb34c2af27d8bcc43cfc5b0e32d80af7e4",
    "/index.html": "732733c61567f4b1a472beadf9540972ca268408",
    "/info.fa4b5ef2fb3d819ea695.png": "a8389b2b5c17ef033fc470cc53cb62c253abe4e3",
    "/jqx-icons.41de94d4c649d323b24a.woff": "e9c88b78166cda57b028a377f6b5322bd9b8435f",
    "/jqx-icons.5c3d9695232fe930f12b.eot": "07f1bc78ae163531ccef73bd2f6619a7cf0c84d0",
    "/jqx-icons.5d8a6836cabf76ec1bc1.woff2": "4286b0029b8c0bcf02f184f045f78a44f71cd9ab",
    "/jqx-icons.7821f40ed0dc76c51c40.ttf": "8522e585ea8d9a770cf095c55004432833fe7ed2",
    "/loader-small.fd6c47ae798c477868e9.gif": "0445efb32d7fa855f63e6d5cccc30866e903254e",
    "/loader.81f014865c5800e76454.gif": "a9269b8e79934a762da17cf7d5bdd89630abc76a",
    "/mail.294ff219dac289f8a662.png": "972556c00c4152b1a62f845d48b71e5c76c6c236",
    "/main-es2015.9921031d5f1cc0484ab5.js": "d68c66df5baee50b58ca4d9b7eb9c2c4100a170c",
    "/main-es5.9921031d5f1cc0484ab5.js": "94df09dc284a5ceb7df293c42bcdc17df990e42d",
    "/manifest.webmanifest": "075cd94b71385e3fa5a9ea24805d200bea2ee416",
    "/map-hue.4a1aa0a2976838835e84.png": "a7ea7ee601bd10b9a71c6383536dcbedde601043",
    "/map-saturation-overlay.d0ab86baef65d5137043.png": "638dd249a0a5005564927a4992ba71e2b4b2280c",
    "/map-saturation.fe917d551acda3c42dd8.png": "2f85d4f48ba223e0d85d8953006f47f052399937",
    "/materialdesignicons-webfont.506bc8215df8660d8f04.ttf": "a1407c88cea2a9dbc31fa8be642aff58650ae352",
    "/materialdesignicons-webfont.52adde0de9840940801f.eot": "61fa95ea8cfb2c5a089b08e7136a5fd748420ab9",
    "/materialdesignicons-webfont.6147fc3741c622c5de2c.woff2": "24d77a27ad03c38e046c91fcd48011f16c72429b",
    "/materialdesignicons-webfont.d06df622bc47f0db9812.woff": "60abbfc70f76d949a785a65742f2a3628c9fe006",
    "/multi-arrow.7797ae5b81b35231df9c.gif": "c97dd93fa0f0d90ed3bc27b9af3cd925ddb6dac5",
    "/pin.4b3b91f10f0e2548a935.png": "9547c67b7165966300dfbc9dedc1b03f8b615740",
    "/pinned.1e1d3306dd19f0a3d103.png": "1443e6d34e19f5edebdf8e08c6cc8512425a94fc",
    "/plus.3cdd4385085ec2962fb9.png": "089d21387ead76a67e9d0498dbee0fad9cceb550",
    "/plus_white.79169fb8be70d6c59772.png": "eb2caeac5c665518d716fbc2eea86a12ff1a3062",
    "/pointer.89fe85b3fad51e732152.png": "2d34975755f350d2d2ece13681976df2c9d18f39",
    "/polyfills-es2015.e64cfc78e971814c9570.js": "97bcc3ba77e07dbee884132a32477a0e0b9c53f0",
    "/polyfills-es5.61a4886a3af8d92a1111.js": "02e0bd02c62ba76c4d3e94ba5a0ae333dbb842e4",
    "/red_arrow_down.b12cc7259c2efbc3c901.png": "f0753e2109528ccedd8b7a5688c8e28b5ddf5b56",
    "/red_arrow_up.28854ee1707e3ec69cd2.png": "c65c9f48a7c35796be8056bf30b3f11647e74f25",
    "/roundbg_check_black.3b7e6919f24245b442a7.png": "0f6324fa6bfcbb2871a9cce3ecd7fb555ce003c3",
    "/roundbg_check_indeterminate.035a49eba9849cbf4c3e.png": "bf9ec99b3933a494c8ac28eba480fdd98b0908e8",
    "/roundbg_classic_normal.adbd872d95a100cf98c6.png": "f5ec8c1877fef0561dd8c3d70e1af5edd5315ca0",
    "/runtime-es2015.a344e1174db4c1f8e3fb.js": "58d509f6703ba1be4270a06cb81ff7a0fd084f4a",
    "/runtime-es5.a344e1174db4c1f8e3fb.js": "26af79961a60640183300a1c10b621f841a5bf0a",
    "/search.438f74bbb58cd031fd13.png": "eaa9f2e5f9d23e5ad58a5dc409fb325e75aeeacf",
    "/search_white.e158e4e41d44715a1d17.png": "d697934734654e886759dfdb2f8a57d2922b7387",
    "/sortascbutton.5e895df5f6db1a31ce47.png": "9a8f80acd69af84bcf38cf43119057361556299c",
    "/sortdescbutton.4e195ab1f5a4186eac9f.png": "8da05bb8f59e5428f274347537feac8586c61e6b",
    "/star.37b2cd9d5360df3855c3.png": "179b6799b61f5410c9c2ab42568ed8b2ca14346e",
    "/star_disabled.222a4bdce93a1b7d4923.png": "b5b455fee5835dd185c9161c365ac155b5f67052",
    "/star_hover.16814292982413904971.png": "303a850c8993e31b9ef08f4bab262d7ceafc204e",
    "/stripes.72549d9d34ea9a272abc.png": "91fc0f708ca2846465d6a937ef9cf625a4a95856",
    "/styles.a572ab19442352de87b2.css": "8dc23e39f4cb885bbf2bc5485dbc1ade9af9a54e",
    "/success.3fa1b517fec117000c74.png": "7bc2613afff6f9d1ea5ba8d9eb88c6207d0e2b9b",
    "/time.e9ddf10f7d0696c7d206.png": "de61638cf697e70bb32f35c75a772dcf3701124d",
    "/warning.578c356187ff1c09845d.png": "33cfacd88f9c7b8f765d0a32dab28bbace249357"
  },
  "navigationUrls": [
    {
      "positive": true,
      "regex": "^\\/.*$"
    },
    {
      "positive": false,
      "regex": "^\\/(?:.+\\/)?[^/]*\\.[^/]*$"
    },
    {
      "positive": false,
      "regex": "^\\/(?:.+\\/)?[^/]*__[^/]*$"
    },
    {
      "positive": false,
      "regex": "^\\/(?:.+\\/)?[^/]*__[^/]*\\/.*$"
    }
  ],
  "navigationRequestStrategy": "performance"
}